{
    "north": 40.103852453920026,
    "south": 40.1012315395875,
    "west": -88.23941313195974,
    "east": -88.23332451749593
}