{
    "north": 40.11090393249643,
    "south": 40.10564406709642,
    "west": -88.2192631205544,
    "east": -88.20712880697103
}