{
    "north": 40.10894590652844,
    "south": 40.10629953705256,
    "west": -88.21618218440564,
    "east": -88.21008820552379
}